Id,Name,Date(created_at),Tweet(text),User_id,Screen_name,Location
,,,,,,
1.15E+18,Cindy,2019-07-20 14:00, tigerbalmcanada ends today enter to win retweet amp follow tigerbalmcanada to enter to win a jar of tiger balm ultra strength oi ,25466180,cindylee137,"Okanagan Area of B.C, Canada"
,,,,,,
1.15E+18,crinkled manatee,2019-07-20 14:00, travelticket peyto lake canada  t co x9whtvageg,1.01E+18,HojackWhoresman,The Balls
,,,,,,
1.15E+18,EIN Airlines News,2019-07-20 14:00,is flying with canada s low cost airlines worth the hassle  t co cawugl67nq,166599409,EINAirlineNews,"Washington, D.C."
,,,,,,
1.15E+18,AOP3D.COM,2019-07-20 14:00,twitter to ban political ads in canada until election campaign cbc news  t co yotwhc4trc,3258067984,aop3d,United States
,,,,,,
1.15E+18,Heather Sanderson,2019-07-20 14:00,canada wonderland here i come ,872799960,Hsanderson955,
,,,,,,
1.15E+18,Mispuce,2019-07-20 14:00, toughcookie567 gevaarlijke hittegolf treft vs en canada  t co czfdznal80 via destandaard,8.29E+17,mispuce,Nederland
,,,,,,
1.15E+18,The Link,2019-07-20 14:00,icymi as more activists and more political groups back a canadian green new deal the push to take concrete action  t co 892dfeviph,75023859,Linknewspaper,"Montreal, Quebec, Canada"
,,,,,,
1.15E+18,Nathan Roy,2019-07-20 14:00, myholigay lgbt travel to gay friendly ottawa canada tulip festival http tumblr com xei87icni,42338316,Nathan_RoyTO,"Toronto, Ontario"
,,,,,,
1.15E+18,CIS TRADE,2019-07-20 14:00,interested in cannabis and hemp industry let s talk russia ukraine belarus usa canada hemp cannabis thc cbd,1557647808,cistrade,World Wide
,,,,,,
1.15E+18,Patrick Diotte,2019-07-20 14:00, mrs teplitz lorneclinton cathmckenna the earth is literally burning up unless you send now and don t delay see details on how ,260879502,patrickdiotte,"Sudbury, Ontario"
,,,,,,
1.15E+18,Alejandra Aguilar,2019-07-20 14:00, foro tv ofrecen empleos en canad de hasta 69 000 pesos mensuales para mexicanos  t co o6tlohlw1n  t co 18ldk4bpid,185200147,cuco_bebe,
,,,,,,
1.15E+18,CedarGroveWeatherHub,2019-07-20 14:00,current weather johnstown ontario humid temp 82 2 f 28 c wind 17 9 kmh ssw bp 100 7 kpa and falling rela  t co ujf3fpekfd,1.09E+18,CGWeatherHub,"Edwardsburgh/Cardinal, Ontario"
,,,,,,
1.15E+18,Brooke Clark,2019-07-20 14:00,oh this is sad his cape breton is the thought control centre of canada meant so much to me when i read it in hig  t co lphabkkxun,7.08E+17,thatbrookeclark,
,,,,,,
1.15E+18,Denis M. Roy,2019-07-20 14:00, t co wvajdahaq9 un pas dans la bonne direction cdnminhealth mais pour d impact il faut accorder le statu  t co wteit63bxl,1110489408,denismroy,
,,,,,,
1.15E+18,Stephen Lee,2019-07-20 14:00, kellycanuckto everyone in eastern canada today weather  t co cnmjr5tges,24175585,StephenWLee,"Newfoundland and Labrador, Can"
,,,,,,
1.15E+18,Judith Anne Cummings,2019-07-20 14:00, payantcody trudeaumustgo because our ancestors fought for canada s freedom and the least we can do is fight our government to keep it ,8.95E+17,JudithAnneCumm1,
,,,,,,
1.15E+18,Chris Palmer,2019-07-20 14:00, spikedonline fifteen female beauticians in canada are being sued because they refused to wax a trans woman s bollocks we ve reached p ,220468676,NagaPalmer,South Africa
,,,,,,
1.15E+18,Raelene Bergen Harder,2019-07-20 14:00,amazing friends across canada canada proudtobecanadian goldstarsoul passion friendship soloroadtrip  t co xqbzhvf80c,7.68E+17,raelenebergenh,Canada
,,,,,,
1.15E+18,CampusCafe,2019-07-20 14:00, tundetash a rank of the 7 cheapest schools in canada for international students mix of english amp french schools for undergraduate s ,9.77E+17,campuscafe_tv,Africa
,,,,,,
1.15E+18,Stanley Thompson,2019-07-20 14:00, golfvue dyk the most prolific canadian golf course architects in the golden age of golf in canada were stanley thompson and albert m ,4375527076,stsociety1,"Dundas Ontario, Canada"
,,,,,,
1.15E+18,SHRM,2019-07-20 14:00,join michelle gadsden williams managing director na amp canada inclusion amp diversity lead accenture at the 2019 str  t co oeexrbf0xo,14818045,SHRM,
,,,,,,
1.15E+18,CGIAR,2019-07-20 14:00, we must solve a complex puzzle points out kropffmartin dg of cimmyt wheat must feed more people while growi  t co nlzthzwwpi,343267635,CGIAR,"Montpellier, France"
,,,,,,
1.15E+18,Charlie Senack,2019-07-20 14:00, 7newssydney police in canada have launched a murder investigation into the deaths of australian lucas fowler and his american girlfrie ,2415175597,Charlie_Senack,"Ottawa, Ontario "
,,,,,,
1.15E+18,Bergg69,2019-07-20 14:00,people s party board in a winnipeg riding quits over concerns about racism cbc news  t co nxb1cnmdjd  t co ju07g1waeg,76919759,Bergg69,Toronto Canada
,,,,,,
1.15E+18,Co-operators,2019-07-20 14:00,pour les propri taires ou locataires d une copropri t ou d un appartement de graves inondations ou d g tsdeau p  t co jbrgw1vasp,227317792,coopasf,
,,,,,,
1.15E+18,°S,2019-07-20 14:00, 10h le 20 jul 2019 il fait 309 5 s au canada extr mes retranch s min 4 1 c iqaluit max 27 4 c fredericton,4124968095,degressavard,A mari usque ad mare
,,,,,,
1.15E+18,the active user,2019-07-20 14:00, bob animal you know it s hot in canada when  t co 2agwkxejqw,3260770742,mijnyoutube,
,,,,,,
1.15E+18,MarthaLeah Nangalama,2019-07-20 14:00,via perilofafrica are food politics defeating canada s healthy eating strategy with the clock ticking toward a f  t co rckrvvahbc,578353910,mlnangalama,"New Brunswick, Canada"
,,,,,,
1.15E+18,Aerykishere,2019-07-20 14:00, jclynch23 goonion17 7newssydney it s the bc alaska hwy it runs through canada to get to alaska smh ,8.68E+17,aerykisheretv94,United States
,,,,,,
1.15E+18,@ABAinOntschools,2019-07-20 14:00, louisbusch a disproportionate number of individuals with neurodevelopmental disorders also end up in the forensic mental health system ,7.20E+17,ABAinOntSchools,"Mississauga, Ontario"
,,,,,,
1.15E+18,The Co-operators,2019-07-20 14:00,for condo and apartment owners and tenants severe flooding and waterdamage could mean loss of access to the prem  t co a09lpr0kqx,95225484,The_Cooperators,Guelph Ontario Canada
,,,,,,
1.15E+18,JuU,2019-07-20 14:00, rafafarinella t mas voc s j come aram uma rave na praia do canad ,8.82E+17,juliarossini04,Concórdia
,,,,,,
1.15E+18,Rina De Cola,2019-07-20 14:00, rdcmtlcustomizedmugs rinadecolamtl put your quotes that you love or anything you want just for 10 tax includ  t co h9m3rajd1b,601514021,rinadecolamtl,"Montreal,Canada"
,,,,,,
1.15E+18,Alberto R Farache F,2019-07-20 14:00, spectatorindex ease of doing business 2018 1 nz 2 singapore 3 denmark 6 us 7 uk 14 australia 18 canada 20 germany 28 spain ,4514292493,shaggyfarache,"Caracas, Distrito Capital"
,,,,,,
1.15E+18,M. Colt Taylor,2019-07-20 14:00, titaniamcgrath this is the brave woman taking multiple female beauticians to court in british columbia for refusing to wax her scrotum ,222310261,mcolt58,"Balmer, Murlyn hon..."
,,,,,,
1.15E+18,JDRF Canada,2019-07-20 14:00,from the archives dr patricia pelufo silveira a montreal based researcher at mcgillu and the douglas research c  t co aef9cfwhac,329107565,JDRF_Canada,Canada
,,,,,,
1.15E+18,Live Well Toronto,2019-07-20 14:00, insulin caravans transport diabetics 800 miles to canada for affordable drugs cardiovascular business  t co 5gs9javmac,8.37E+17,LiveWellToronto,
,,,,,,
1.15E+18,__,2019-07-20 14:00, kylegriffin1 the comments made were hurtful wrong and completely unacceptable the canadian pm justin trudeau said and i want eve ,839872579,_moribund_,
,,,,,,
1.15E+18,Christine Adams,2019-07-20 14:00, justamazen markhertling 51 years ago my parents brought us 10 children to canada and none of us have ever been told to go back to le ,8.18E+17,Christi47757716,Show me State
,,,,,,
1.15E+18,Marie-Hélène Béland,2019-07-20 14:00, canadanobrasil programa vanier do governo do canad oferece 166 bolsas para estudantes de doutorado inscri es at 06 11  t ,9.41E+17,MHBeland,"São Paulo, Brasil"
,,,,,,
1.15E+18,Kimi the Cat,2019-07-20 14:00, bob animal you know it s hot in canada when  t co 2agwkxejqw,7.02E+17,Kimi_Killercat,Radebeul und Jena
,,,,,,
1.15E+18,Christopher Oldcorn,2019-07-20 14:00,hardworking low unemployment low crime depo them via smedian network medium medium blog essay  t co ssjmwxjq6i,9019142,chrisoldcorn,
,,,,,,
1.15E+18,Ida Hung,2019-07-20 14:00,heat amp humidity continues today before temps subside tomorrow for most of eastern canada the hrrr showing a very d  t co 8dtdccntzz,105692545,Idahung15,"Toronto, Ontario"
,,,,,,
1.15E+18,Benedict White,2019-07-20 14:00, titaniamcgrath this is the brave woman taking multiple female beauticians to court in british columbia for refusing to wax her scrotum ,274206539,BenedictMPWhite,making tea
,,,,,,
1.15E+18,Antonio Miazzo,2019-07-20 14:00, spectatorindex school shootings since 2009 us 288 mexico 8 south africa 6 india 5 pakistan 4 nigeria 4 afghanistan 3 brazil ,1226128195,antonio_miazzo,
,,,,,,
1.15E+18,Christopher Oldcorn,2019-07-20 14:00, trump baby s uk visit christopher oldcorn blog essay news politics government populist uspolitics  t co kpzil6feyz,9019142,chrisoldcorn,
,,,,,,
1.15E+18,Malcolm X,2019-07-20 14:00, paulkrugman go canada gotta build a wall to stop those illegal americans from crossing canadian borders ,15975804,tappa5,"Kingston, Jamaica"
,,,,,,
1.15E+18,Cheryl O'Donnell,2019-07-20 14:00, bob animal you know it s hot in canada when  t co 2agwkxejqw,140467880,tweetodonnell,
,,,,,,
1.15E+18,Movings Company,2019-07-20 14:00,richmond hill movers tender touch movin  t co qnh2p5rxw4  t co i69mus4uzc,8.61E+17,Movings_Company,Canada
,,,,,,
1.15E+18,R.wise,2019-07-20 14:00, emrazz there s nothing exemplary about a man who rapes an unconscious woman i don t give a fuck about this rapist s resume report th ,4274433793,RWiserandi,AZ - USA
,,,,,,
1.15E+18,Susan Shepski,2019-07-20 14:00, justintrudeau for 3 years the canadachildbenefit has helped parents across canada with the high cost of raising kids and tomorrow ,4099610661,susashep5,
,,,,,,
1.15E+18,PamMustard,2019-07-20 14:00, drjacobsrad trudeaumustgo is still trending in canada and mr caley the senior director of communications for the liberal party is c ,156099290,pammustard,"Ontario, Canada"
,,,,,,
1.15E+18,Diana Hernández,2019-07-20 14:00, cristhianayalag en canad le arrebataron a las mafias 139 millones de dolares a n no es claro hacia donde tiene que apuntar la pol t ,308211341,dianaluher,Bogotá
,,,,,,
1.15E+18,The Traveling Gals,2019-07-20 14:00,20 interesting fun facts about canada  t co oehhjypizt  ck funstudio,3412622938,traveling_gals,"Sarasota, FL"
,,,,,,
1.15E+18,Ghadeer,2019-07-20 14:00, drleslea fuck off like as in all the way exemplary medical student who raped unconscious woman caved to temptation lawyer argu ,621185765,Ghadeerology,Blue Dot
,,,,,,
1.15E+18,Sameer Khan,2019-07-20 14:00, whattheffacts the modern world s first international sporting fixture was a cricket match played in 1844 between canada and the usa c ,2831241663,samirnkhan,Helsinki Finland
,,,,,,
1.15E+18,Politis,2019-07-20 14:00,eddy p rez analyste des politiques internationales pour r seau action climat au canada les garanties de protect  t co jrlnokvb3a,498267865,Politis_fr,Paris / 01 55 25 86 86
,,,,,,
1.15E+18,"HComm - POS, T&T",2019-07-20 14:00,applying online the estimated processing time doesn t include the time it takes to send a passport through a vac t  t co sjgazslogf,1638269688,CanadaTandT,Trinidad and Tobago
,,,,,,
1.15E+18,Rob O,2019-07-20 14:00, teamadam76 this bias hack runs a research and polling company only in canada trudeaumustgo  t co wjqz5mt5cd,14102830,gosens,Earth
,,,,,,
1.15E+18,The Strombo Show,2019-07-20 14:00,sunday canada s best cover canada s band as we celebrate gord downie the tragically hip 8pm cbcmusic  t co o17aeagv2z,291792912,TheStromboShow,Everywhere
,,,,,,
1.15E+18,League of Can. Poets,2019-07-20 14:00,read the provinces with alllitupcanada s list in celebration of compelling and exciting reads by writers in all th  t co uhfyoqlygo,271515493,CanadianPoets,Toronto
,,,,,,
1.15E+18,Mugs Noticias,2019-07-20 14:00,busca canad trabajadores mexicanos a trav s de la stps mx  t co 7zzodpljhl  t co yvuczoxl43,2908283830,Mugs_Noticias,
,,,,,,
1.15E+18,CBC News,2019-07-20 14:00,the stephen avenue flags will be painted sunday east and west of centre street with a ceremony following monday a  t co 4brfyq7gg0,6433472,CBCNews,Canada
,,,,,,
1.15E+18,Portal del Empleo,2019-07-20 14:00, bolsadetrabajo se solicita mec nico hidr ulico 46 000 00 aprox para laborar en canad detalles de la  t co qu7g7bbbjd,202652212,empleogob_mx,México
,,,,,,
1.15E+18,Agri-Pulse Communications,2019-07-20 14:00,snowballing signals from the white house house of losing patience over the slow pace of ratification of the u s me  t co mitdtzghbj,106816456,agripulse,"D.C., Missouri, & Sacramento"
,,,,,,
1.15E+18,Big Dog 100.9,2019-07-20 14:00,canada joins global pact to stop illegal fishing trade plans more inspections  t co 5s8zcmgoxq,344709379,BigDogTruro,Truro Nova Scotia
,,,,,,
1.15E+18,Pure Country 99.5,2019-07-20 14:00,canada joins global pact to stop illegal fishing trade plans more inspections  t co c5xw6tcem5,386015249,PureCountry995,"Truro, Nova Scotia Canada"
,,,,,,
1.15E+18,CMEF,2019-07-20 14:00,plaintiff in military sexual misconduct lawsuit pleased with settlement  t co ggh1kl3oal  t co ytxwoqztni,2557746260,CMEF_CA,
,,,,,,
1.15E+18,Change Britain,2019-07-20 14:00,boris is absolutely right what we want to end up with is a canada style free trade agreement where we can take ba  t co cdyueoudl7,7.63E+17,Change_Britain,United Kingdom
,,,,,,
1.15E+18,Programa Paisano,2019-07-20 14:00,si viajas a m xico en tu veh culo desde eeuu o canad no olvides tramitar tu permiso de importaci n temp  t co znmpb7ehil,143133530,programapaisano,Ciudad de México
,,,,,,
1.15E+18,Hollis Brown,2019-07-20 14:00, canada we re visiting for the first time in a few weeks and want to see you there tickets  t co o7hyagkors,15654989,HollisBrown,"New York, NY"
,,,,,,
1.15E+18,Eastern Workforce Innovation Board,2019-07-20 14:00,canada has a women entrepreneurship strategy more info below follow canadabusiness for more  t co zelv68cwc9,227344041,EasternWorkIB,Eastern Ontario
,,,,,,
1.15E+18,CBC Radio,2019-07-20 14:00,japan s ambassador to canada kimihiro ishikane shared some of japan s experiences from a years long dispute with  t co ne0daz5bzc,17679977,cbcradio,Canada
,,,,,,
1.15E+18,Lynnette Whitfield,2019-07-20 14:00, logitech tap meetup and zoom so easy these two six year old girls can install and join a call love it  t co 8fhol5urbx,1376208692,LYNNETTE_CANADA,"Calgary, Alberta Canada"
,,,,,,
1.15E+18,Erik Luczak,2019-07-20 13:59, tomspolitics realclearisrael war on the canada food guide trudeaumustgo  t co tsleornl1b,1.08E+18,ErikLuczak,
,,,,,,
1.15E+18,Hope,2019-07-20 13:59, titaniamcgrath this is the brave woman taking multiple female beauticians to court in british columbia for refusing to wax her scrotum ,1.06E+18,Hoping4agirl,
,,,,,,
1.15E+18,Victoria,2019-07-20 13:59, paulbruce ouch does andrew scheer think pizzagate is part of canada s food guide ,623052183,zeebra03,Canada
,,,,,,
1.15E+18,Cecilia Araneda,2019-07-20 13:59, heatherwellscbc homeless immigrant builds magnificent winnipeg shack after promise of better life in canada falls through brycehoy ,99041048,CeciliaAraneda,Gaa-okosing / Abya Yala 
,,,,,,
1.15E+18,Orlando Arciniegas,2019-07-20 13:59,air canada fue la primera empresa que suspendi vuelos hacia venezuela una de las causas que dio en marzo de 2014  t co uraqzvjz6v,417294495,oarcinie,"Valencia, Venezuela"
,,,,,,
1.15E+18,Carina,2019-07-20 13:59, 7newssydney authorities believe lucas fowler and his girlfriend chynna deese were murdered after their van broke down on the alaska hi ,55999300,SoulSistaRina,Canada 
,,,,,,
1.15E+18,licia,2019-07-20 13:59, radioitaliairib nordamerica travolto dalla calura 45 gradi in canada  t co gahdwkl9ej,2328994740,licia35540898,
,,,,,,
1.15E+18,goldfishfood1,2019-07-20 13:59, cbcottawa ottawa considered at risk area for lyme disease warns public health  t co dxh3empauz ottnews ottawa  t co d ,1.15E+18,goldfishfood1,
,,,,,,
1.15E+18,Sunny,2019-07-20 13:59, bucksexton they can move to canada ,921105276,st2288,
,,,,,,
1.15E+18,Curtis Perfect,2019-07-20 13:59, realdonaldtrump you like numbers  t co f1v9imxdx6,637263434,CurtisPerfect,"Hell, MI"
,,,,,,
1.15E+18,Christine Adams,2019-07-20 13:59, kwicemccarthy markhertling we have some trump wannabes in canada as well we have fake news trying to discredit our pm it s far fro ,8.18E+17,Christi47757716,Show me State
,,,,,,
1.15E+18,Aaron Wrotkowski,2019-07-20 13:59,welcome to canada where white people definitely tell the indigenous to go back to where they came from and when t  t co gokx6llhye,300461415,AaronWrotkowski,"Windsor, Ontario, Canada"
,,,,,,
1.15E+18,Zettaflare!,2019-07-20 13:59, depressionnote suicide hotline numbers united kingdom 116 123 united states 1 800 273 8255 canada 1 800 456 4566 ireland ,7.76E+17,LiberalBlizzard,
,,,,,,
1.15E+18,Torbjörn Karlsson,2019-07-20 13:59, rahmstorf the first time a temperature warmer than 20c has been measured north of 80 on the planet  t co qev6ckxh4y,1403080069,KTorbjrn,Trollhättan
,,,,,,
1.15E+18,AllyA,2019-07-20 13:59, emrazz there s nothing exemplary about a man who rapes an unconscious woman i don t give a fuck about this rapist s resume report th ,1265581531,amajdandzic1,"Canberra, Australia"
,,,,,,
1.15E+18,Tanantha's Cottage,2019-07-20 13:59, mavenofmayhem um guess what chaptersindigo canada s largest book retailer has a list of most anticipated books and mine is one o ,7.05E+17,TananthaDM21,
,,,,,,
1.15E+18,michael,2019-07-20 13:59, abc remember when trudeau invited all migrants to canada how s that working out they rejected almost everyone,2470222105,tx_buyer,
,,,,,,
1.15E+18,Jeannette,2019-07-20 13:59, randyrrquaid california didn t care when crooked h revoked my passport while i was in bc to pick up an award i refused to cross borde ,394995007,chiplover44,"Spring, TX"
,,,,,,
1.15E+18,Democracy Comms,2019-07-20 13:59, encoreplusmedia next week fans and series talent will celebrate due south s 25th anniversary at a 3 day convention in toronto encore ,2513021610,DemocracyComms,
,,,,,,
1.15E+18,Shawn Venasse,2019-07-20 13:59,housing starts and mortgage renewals both declined in 2018 according to federal agency mortgages  t co sr5uvjizdf,80879577,shawnvenasse,"Toronto, ON"
,,,,,,
1.15E+18,michellee.,2019-07-20 13:59, cindylmao if you re around canada water area se16 be careful and stay aware this shit is so sickening  t co 5xb8npa7vn,601034991,encounterrr,
,,,,,,
1.15E+18,steef Omario,2019-07-20 13:59, anthonysarti11 tu sais qu il fait chaud au canada quand  t co 24g50o58bs,1.13E+18,MustaphaOmari7,
,,,,,,
1.15E+18,i eat batteries,2019-07-20 13:59,only after smuggling 3 pool balls in my ass and across the canadian border did i learn that it wasn t illegal to b  t co rlb5ism8jq,7.02E+17,lemonscentedcum,"Hell, MI"
,,,,,,
1.15E+18,Dave Geroux,2019-07-20 13:59, electionscan e have your say make sure you re registered to vote you can register online now with elections canada or update your r ,1490772230,MrDaveGeroux,
,,,,,,
1.15E+18,Cindot,2019-07-20 13:59, designationsix ted cruz comes down here from canada and tells us how to run our government if he does not like it here he can go back ,8.73E+17,CinDot2017,
,,,,,,
1.15E+18,Terry McDonald,2019-07-20 13:59, justintrudeau it s a big day for moms and dads your canada child benefit is going up so you ll have more money to help pay for what ,459969745,Terry_McD,
,,,,,,
1.15E+18,Robert Babcock,2019-07-20 13:59,energy rally mad max 2019 peoples party of canada maxime bernier  t co 8r6g6wfngq via youtube,48465391,ezyloot,"Kingston, Ontario Canada"
,,,,,,
1.15E+18,Shivam Bansal,2019-07-20 13:59, travellinnorth petermckinnon rogershelps you heard it right we gladly pay 50 cad for 4gb unlimited calling in  t co jqh4minqar,494007833,SunnyAkaPunjabi,"Bengaluru South, India"
,,,,,,
1.15E+18,Brianypaul...,2019-07-20 13:59, irishtimescultr when the irish invaded canada fenian plan was doomed from the start  t co nbqiocvldp via irishtimescultr,1.08E+18,Brianypaulbria1,Ireland
,,,,,,
1.15E+18,Lexy Cameron,2019-07-20 13:59, ladurantaye markbourrie which robyn one is a right leaning opinionator the other is one hell of an amazing jou  t co umq4hf90zq,107169602,LexyCameron,"Ontario, Canada"
,,,,,,
1.15E+18,Felix,2019-07-20 13:59, justintrudeau it s a big day for moms and dads your canada child benefit is going up so you ll have more money to help pay for what ,249319773,felixgrandy,
,,,,,,
1.15E+18,Marianne Fischer,2019-07-20 13:59, animaljustice canada exports more animal trophies than south africa hunters regularly gun down thousands of majestic bears elk deer ,8.37E+17,danishblossom,"Aarhus, Danmark"
,,,,,,
1.15E+18,Kat lamb,2019-07-20 13:59, vp president realdonaldtrump promised to fight for trade deals that put us jobs amp us workers first the usmca will help build on the ,850382666,kat_lambkat,Texas
,,,,,,
1.15E+18,"Gwyn, Founder of Newtopia",2019-07-20 13:59, human canada you re right then we ll either need to be out of their way or just be nice enough that they all joi  t co xajyz1sz1f,1.15E+18,GNewtopia,
,,,,,,
1.15E+18,Beryl Harvey,2019-07-20 13:59, mmpadellan today racistinchief posted a racist tweet against reps aoc omar pressley and tlaib he was denounced by dems meghan ,8.04E+17,EricLuna1216,Western NewYork
,,,,,,
1.15E+18,andré tremblay,2019-07-20 13:59, abclote fordquebec c est pas ford qu bec mais ford ontario canada grande diff rence m me pour g n ral motor co ,4623339465,tremblayand1,
,,,,,,
1.15E+18,Jenna Drenten,2019-07-20 13:59,it s been a week of academic conferencing in canada started with serving as a mentor at the qda19 qualitative  t co orkkfphfij,14164404,jennadrenten,"Chicago, IL"
,,,,,,
1.15E+18,michael sprague,2019-07-20 13:59, justinbieber realdonaldtrump good idea lets let them out in canada and since half of them have no parents here th  t co 7d7qradpwb,110052681,mikesprague824,"Portland, Or"
,,,,,,
1.15E+18,Tina Fisher,2019-07-20 13:59, kellycanuckto everyone in eastern canada today weather  t co cnmjr5tges,367710972,fishpots1, Birkenshaw. West Yorkshire.
,,,,,,
1.15E+18,Health Solutions,2019-07-20 13:59,canada stands out in the report which noted that the country s debt has continued to rise from high levels cana  t co 5tifp4gevq,299963800,DanielLiscio,Toronto
,,,,,,
1.15E+18,gabriella taylor,2019-07-20 13:59, t co dxrcmmvxqh,1.05E+18,gabriel95951415,
,,,,,,
1.15E+18,Alick Simmons,2019-07-20 13:59, bob animal you know it s hot in canada when  t co 2agwkxejqw,3997183947,alicksimmons,"Somerset, UK"
,,,,,,
1.15E+18,Rey umbalin,2019-07-20 13:59,what with butts reappearance tides must have injected more money to further screw up canada what a treasonous we  t co s9mff0ojnd,125248969,Yerman317,"Calgary, Alberta"
,,,,,,
1.15E+18,Maura Lynch,2019-07-20 13:59, 7newssydney police in canada have launched a murder investigation into the deaths of australian lucas fowler and his american girlfrie ,95121059,Loudmouthkid62,"New York, NY"
,,,,,,
1.15E+18,Tara,2019-07-20 13:59, 7newssydney police in canada have launched a murder investigation into the deaths of australian lucas fowler and his american girlfrie ,449335065,Tara_Jean1,
,,,,,,
1.15E+18,caseymerrell&herdoodle,2019-07-20 13:59,merrell family vacation 2019 is a wrap new england you were good to us boston gt plymouth gt salem gt new hampshire gt verm  t co irgjsekwan,1005375709,PoohBearGranger,"Baton Rouge, LA"
,,,,,,
1.15E+18,RebekahNLuv,2019-07-20 13:59, depressionnote suicide hotline numbers united kingdom 116 123 united states 1 800 273 8255 canada 1 800 456 4566 ireland ,2411930198,RebekahNLuv,
,,,,,,
1.15E+18,Lord Lyons out “Da South”,2019-07-20 13:59, depressionnote suicide hotline numbers united kingdom 116 123 united states 1 800 273 8255 canada 1 800 456 4566 ireland ,8.34E+17,dangbruhaye,"Mansfield, TX"
,,,,,,
1.15E+18,Trinka Brine,2019-07-20 13:59, maritstiles under ndp government bc eliminates operating debt for 1st time in 4 decades cdnpoli onpoli  t co emgoywdqtm,38281202,TBrineToronto,
,,,,,,
1.15E+18,Aerykishere,2019-07-20 13:59, 7newssydney authorities believe lucas fowler and his girlfriend chynna deese were murdered after their van broke down on the alaska hi ,8.68E+17,aerykisheretv94,United States
,,,,,,
1.15E+18,CoryHuybregts,2019-07-20 13:59, tylermeredith funny that a new video by canada proud doesn t reflect reality experts say i m gobsmacked i would have thought ,1.12E+18,CoryHuybregts,"Ottawa, Ontario"
,,,,,,
1.15E+18,Josh Malazdrewicz,2019-07-20 13:59, specialocanada today is the day get your special olympics donut at timhortons across canada because inclusion goes great with your ,127053827,oshj_m,"Okotoks, Alberta"
,,,,,,
1.15E+18,Francisco Muñoz Luna,2019-07-20 13:59, artist velasco ca ada de la magdalena 1862 velasco mexicanart  t co legdzawxzy,141663145,pacomunoz73,Coyoacan
,,,,,,
1.15E+18,TruthTrek,2019-07-20 13:59, bob animal you know it s hot in canada when  t co 2agwkxejqw,1.11E+18,trek_truth,
,,,,,,
1.15E+18,Land Over Landings,2019-07-20 13:59, kellycanuckto everyone in eastern canada today weather  t co cnmjr5tges,267855923,landoverlanding,North Pickering
,,,,,,
1.15E+18,M. Bolsenado,2019-07-20 13:59, spectatorindex countries by 7 eleven stores japan 20 904 thailand 11 299 south korea 9 485 us 9 340 taiwan 5 443 china 2 892 p ,106138017,msenado,México
,,,,,,
1.15E+18,Dan Buff MacLennan,2019-07-20 13:59,how canada got so smart on artificial intelligence  t co fbtkjtrbtl,7.55E+17,BuffMaclennan,"Alberta, Canada"
,,,,,,
1.15E+18,Jeff Dickey,2019-07-20 13:59, billkristol harlan bet that if it was a team canada jersey harlan wouldn t notice it ,47527263,golftrack,
,,,,,,
1.15E+18,Funkhouser,2019-07-20 13:59, alexgilesnews wbtv news gun control now in canada the mass shooting are getting out of hand,7.75E+17,AJslackie2,Shithole
,,,,,,
1.15E+18,Shafiq Ahmad,2019-07-20 13:59, 7newssydney authorities believe lucas fowler and his girlfriend chynna deese were murdered after their van broke down on the alaska hi ,37277900,Akhund_Shafiq,
,,,,,,
1.15E+18,El.Kan,2019-07-20 13:59, nunouamusse as nossas meninas entraram com p direito mo ambique hoyeee que venha o canad amanh as 9h30  t co ,1.12E+18,El_Ka_N,
,,,,,,
1.15E+18,Carrie,2019-07-20 13:59, wearenorth99 how germany closed its coal industry without sacking a single miner a just transition is possible in canada too  ,9.20E+17,ronmills49,"Ontario, Canada"
,,,,,,
1.15E+18,D Woudenberg,2019-07-20 13:59, bob animal you know it s hot in canada when  t co 2agwkxejqw,9.24E+17,woudenberg_ca,"Barrie, Ontario"
,,,,,,
1.15E+18,Aerykishere,2019-07-20 13:59, 7newssydney police in canada have launched a murder investigation into the deaths of australian lucas fowler and his american girlfrie ,8.68E+17,aerykisheretv94,United States
,,,,,,
1.15E+18,GTFMH,2019-07-20 13:59, designationsix ted cruz comes down here from canada and tells us how to run our government if he does not like it here he can go back ,24734779,ginatharris,
,,,,,,
1.15E+18,Yellow Vests Canada Exposed,2019-07-20 13:59, long daze it s incredible how many of them want trump to commit a coup on canada and will gladly say so ,1.08E+18,VestsCanada,
,,,,,,
1.15E+18,Matt,2019-07-20 13:59, bob animal you know it s hot in canada when  t co 2agwkxejqw,273493795,SpartanfanMatt,"Battle Creek, MI"
,,,,,,
1.15E+18,Barry C,2019-07-20 13:59, 3mendous as a minority with a sometimes high profile in canada i can t begin to tell my fellow canadian how important it is that the ,2205379124,ethniccanuck,Canada
,,,,,,
1.15E+18,M-Michele Marier,2019-07-20 13:59, maximebernier rappel qu au canada vous pouvez fr quenter des gens qui promeuvent la charia et la violence conjugale et les m dias n ,3243978879,MarieMichele_M,
,,,,,,
1.15E+18,Endros,2019-07-20 13:59, designationsix ted cruz comes down here from canada and tells us how to run our government if he does not like it here he can go back ,280187898,NobleEnd,
,,,,,,
1.15E+18,Judyth Mermelstein,2019-07-20 13:59, crippledu wow blind man arrested after refusing to remove guide dog from kamloops gas station store how could the rcmpgrcpolice ,495066576,GadflyQuebec,Canada
,,,,,,
1.15E+18,CBC Canadian News,2019-07-20 13:59,are food politics defeating canada s healthy eating strategy  t co lxnogqb5hg  t co 4vckatqpps,18965790,CBCCanada,Canada
,,,,,,
1.15E+18,James Laslo,2019-07-20 13:59, kellycanuckto everyone in eastern canada today weather  t co cnmjr5tges,35490055,Lazz33,Ontario
,,,,,,
1.15E+18,Vivian,2019-07-20 13:59, andyw0k a los 92 a os falleci el tucumano cesar pelli una leyenda de la arquitectura mundial entre sus obras m s destacadas se encu ,1.14E+18,Viv3303,United States
,,,,,,
1.15E+18,JO,2019-07-20 13:59,i wanted to go to canada but shit if they got a serial killer out there no sir my ass ain t going nowhere ,2176416199,Joliciousss,"Houston, TX"
,,,,,,
1.15E+18,"Jennifer Kirby, MD-PhD",2019-07-20 13:59,i don t think moving to canada is going to save us from the heat blazingsandals  t co twpngn2xsm,1602327691,gu_girl,"Charlottesville, VA"
,,,,,,
1.15E+18,Amos Martinez,2019-07-20 13:59, a heat wave blankets much of the united states and canada  t co ypsskkc72j,7.05E+17,AmosMartinez199,"New York, NY"
,,,,,,
1.15E+18,Garry Anderson,2019-07-20 13:59, michaelgproctor lraitt dirtiest most corrupt government canada has ever had trudeaumustgo cdnpoli,1.04E+18,GarryAn31280857,
,,,,,,
1.15E+18,Jeremy,2019-07-20 13:59, nrdc the canadian boreal forest has a new crop of defenders new indigenous guardians programs across canada will help protect this gl ,9.74E+17,Jeremy_alegedly,Stuck on Earth
,,,,,,
1.15E+18,Arlene Haaland,2019-07-20 13:59, tesswats i think we need to acknowledge and respect their dignity and stop the narrative that they are lesser than  t co klzflglozv,3234802184,ArleneHaaland,
,,,,,,
1.15E+18,Pat Johnson,2019-07-20 13:59, cbcalerts batch of pacific oysters harvested in b c recalled due to threat of paralytic shellfish poisoning  t co skekmxxw2l,304166160,skarosmorgan,
,,,,,,
1.15E+18,Dave Geroux,2019-07-20 13:59, maritstiles under ndp government bc eliminates operating debt for 1st time in 4 decades cdnpoli onpoli  t co emgoywdqtm,1490772230,MrDaveGeroux,
,,,,,,
1.15E+18,Matthew Leathers,2019-07-20 13:59, titaniamcgrath this is the brave woman taking multiple female beauticians to court in british columbia for refusing to wax her scrotum ,58634871,mattleathers,
,,,,,,
1.15E+18,John Edward Benoit,2019-07-20 13:59, manon64804 berniesanders i do and i am of the next president isn t bernie sanders i intend to become a citizen of canada ,8.09E+17,JohnBenoit88,"South Burlington, VT"
,,,,,,
1.15E+18,Giancarlo Marcelli,2019-07-20 13:59, kellycanuckto everyone in eastern canada today weather  t co cnmjr5tges,301512262,Marcelli_21,
,,,,,,
1.15E+18,Szlo,2019-07-20 13:59, kellycanuckto everyone in eastern canada today weather  t co cnmjr5tges,1.01E+18,szojerman,"Krakow, Poland"
,,,,,,
1.15E+18,Glubsch Auge,2019-07-20 13:59, bob animal you know it s hot in canada when  t co 2agwkxejqw,1358631942,GlubschAuge1895,Düsseldorf
,,,,,,
1.15E+18,taichara,2019-07-20 13:59, march1studios ugh so humid who invited florida up here this is canada i belong in the ice and snow  t co qupirk336o,3305969806,tjerrian,Sothis
,,,,,,
1.15E+18,NeverQuiet!,2019-07-20 13:59, designationsix ted cruz comes down here from canada and tells us how to run our government if he does not like it here he can go back ,9.18E+17,Ffernand31,
,,,,,,
1.15E+18,Jayden A,2019-07-20 13:59, charlieintel updated call of duty mobile has soft launched in canada and australia on both ios and android  t co x6cmfzhwm6,9.52E+17,Jayden_C_A,HEHEHE
,,,,,,
1.15E+18,kate sherrard,2019-07-20 13:59, juliadavisnews trudeau about send her back chants at trump rally the comments made were hurtful wrong and completely unacceptable ,140670986,katersherrard,
,,,,,,
1.15E+18,Mitsouko,2019-07-20 13:58, sophierunning exemplary and raped don t belong in the same sentence  t co qrvl94fbud,84746346,Vivienne17,Northern England 
,,,,,,
1.15E+18,Tegan,2019-07-20 13:58, cbcalerts ottawa considered at risk area for lyme disease health agency warning people to take precautions when out and about in city ,902009078,tegan4618,1000 Islands
,,,,,,
1.15E+18,BPC,2019-07-20 13:58, liberal party and please don t forget to ur scam of importing plane loads of muslims and it s costing 50k to onta  t co 3yyisi6dqy,8.35E+17,BPatelcanadian,
,,,,,,
1.15E+18,Tom Nash #fbpe,2019-07-20 13:58, emrazz there s nothing exemplary about a man who rapes an unconscious woman i don t give a fuck about this rapist s resume report th ,277559516,GameSetNash,"England, United Kingdom"
,,,,,,
1.15E+18,R Griffith,2019-07-20 13:58, drcherylt i am so excited to announce that i won a 2 yr sshrc insight development grant to further my banting research on canada s his ,2907791972,msrgriffith,
,,,,,,
1.15E+18,Loved by God,2019-07-20 13:58, bbcworld a millionaire a murder and a mystery killer  t co w0h77ollnh,8.60E+17,MarilovedbyGod,
,,,,,,
1.15E+18,Mónica Ledezma Reyes,2019-07-20 13:58, mt enmexico canad busca a mexicanos para trabajar en 12 diferentes reas a nivel operativo y profesional y ofrece hasta 69 mil pesos ,554831200,MonLedezma,
,,,,,,
1.15E+18,Allison Blogg,2019-07-20 13:58, movingparadigms who was bc minister of finance who boasted about a budget surplus at a time when teachers the 2nd lowest paid in cana ,2525626880,AllisonBlogg,
,,,,,,
1.15E+18,Joel,2019-07-20 13:58, depressionnote suicide hotline numbers united kingdom 116 123 united states 1 800 273 8255 canada 1 800 456 4566 ireland ,1527834380,Football_Joel,"Bristol, England"
,,,,,,
1.15E+18,obalende chimamanda,2019-07-20 13:58, justintrudeau it s a big day for moms and dads your canada child benefit is going up so you ll have more money to help pay for what ,354358685,omosalewasmiles,"Lagos, Nigeria"
,,,,,,
1.15E+18,James M. Craven,2019-07-20 13:58, liberal party whatever your family gets up to this summer you re about to have more money to make the best of it for your kids beca ,1.02E+18,JamesMichaelCr6,
,,,,,,
1.15E+18,Paul T32,2019-07-20 13:58, t co gtd244ap3e,8.82E+17,Paul_T32,"Ontario, Canada"
,,,,,,
1.15E+18,Adamo,2019-07-20 13:58, tomtsec is the us facing a growing terror threat from canada  t co ieyotf9loj via thenationaluae,2833513650,trueinfosekker,
,,,,,,
1.15E+18,Alex,2019-07-20 13:58, tomtsec trudeau ups canada s global abortion spending to 700 million a year blogs lifesite  t co z7l2n98eh7,3071516547,kwralex,"Toronto, Canada"
,,,,,,
1.15E+18,Trinka Brine,2019-07-20 13:58, pamsugiman child poverty rates on first nations reserves are deplorably high for a country as rich as canada says co author of repo ,38281202,TBrineToronto,
,,,,,,
1.15E+18,Sanctuaires Québec,2019-07-20 13:58,canadian catholic travelling guide  t co 2nyxf3g1r2,379796190,SanctuairesQC,"Québec, Canada"
,,,,,,
1.15E+18,Slash World Argentina,2019-07-20 13:58, slashworldarg slash en vancouver canada 18 07 19 kira clavell slash smkc livingthedreamtour vancouver myleskenne ,9.15E+17,slashworldarg,Argentina
,,,,,,
1.15E+18,RChilderhose,2019-07-20 13:58, natnewswatch and when fordnation removed dean french and anyone associated with him there was still an uproar abo  t co kxbaslklek,23545500,RChilderhose,Mississauga
,,,,,,
1.15E+18,Carlos Estrada,2019-07-20 13:58, revistaproceso canad busca trabajadores mexicanos con sueldos de hasta 69 mil pesos  t co zflwojdojt,952696172,CarlosSaulEG,Estado de México 
,,,,,,
1.15E+18,Edmonton-WetaskiwinPPC,2019-07-20 13:58, azmairnin2019 meeting with kevinolearytv he has great respect for maximebernier and agrees with most of his ideas investments amp op ,1.05E+18,wetaskiwinppc,"Alberta, Canada"
,,,,,,
1.15E+18,Captain Canuck,2019-07-20 13:58, electionscan e have your say make sure you re registered to vote you can register online now with elections canada or update your r ,329398905,DPMcCallum,"Airdrie, Alberta"
,,,,,,
1.15E+18,NoPlace2Hate,2019-07-20 13:58, vestscanada these folks are literally conducting hate speech and they are getting away with it canada criminal co  t co 2lznmn3p70,1.06E+18,NoPlace2Hate,Canada
,,,,,,
1.15E+18,Ian King,2019-07-20 13:58, moebius strip if you think the cat filter is bad this tabloid piece on the murders is worse waaaaay worse  t co l3mghcucgg,16507804,IanKing,"Taylor, British Columbia"
,,,,,,
1.15E+18,lorne anholt,2019-07-20 13:58, andrewscheer while justin trudeau has actively worked to shut down our natural resources sector i will continue to champion it becau ,864762337,lorneanholt,sask. farmer forever !!!!!
,,,,,,
1.15E+18,Bloomin' Jack,2019-07-20 13:58, marleneloverfor omg head exploding i love this man salim s lingo is very great awakening i m in his speech matches my thoughts ,1.10E+18,JackNationalist,True North Strong & Free
,,,,,,
1.15E+18,Justin,2019-07-20 13:58, bob animal you know it s hot in canada when  t co 2agwkxejqw,323847114,bing19922009,"Pittsburgh, Pa"
,,,,,,
1.15E+18,TheStarPhoenix.com,2019-07-20 13:58,icymi surprise slump in retail sales bolsters case that bank of canada would follow fed in rate cut  t co yipnijz9n1,42486455,TheStarPhoenix,"Saskatoon, Saskatchewan"
,,,,,,
1.15E+18,loueeh,2019-07-20 13:58, hstylesbr harry e a fam lia gerber hoje em muskoka canad 18 07  t co jn0uopqtq8,1.15E+18,oopsneves,
,,,,,,
1.15E+18,tom: endgame,2019-07-20 13:58, canada today wienerdogs like this adorable duo will be racing at wienerpawlooza in ottawa ontario warning the cuteness you expe ,5873912,tomfromhr,"Oakville, ON"
,,,,,,
1.15E+18,@JulieCunninh13,2019-07-20 13:58, kate canadian can t wait for ctv to report that canada s job numbers were massively inflated by trudeau  t co 6nmwldvg13,9.70E+17,juliecunninh13,
,,,,,,
1.15E+18,RPD,2019-07-20 13:58, kellycanuckto everyone in eastern canada today weather  t co cnmjr5tges,65230191,rpdunn8,Parts Unknown 
,,,,,,
1.15E+18,NatureConservancy.ca,2019-07-20 13:58, jebca thanks to the nature conservancy of canada ncc cnc for getting a replacement bridge built on the five fathom hole trail in the ,34030502,NCC_CNC,"Toronto, Ontario"
,,,,,,
1.15E+18,Freda Gordon,2019-07-20 13:58, tomspolitics realclearisrael war on the canada food guide trudeaumustgo  t co tsleornl1b,272685848,louisafreda,Canada
,,,,,,
1.15E+18,Jenny Restoule,2019-07-20 13:58, foodallergycan epipen update pfizerca is reporting potential supply constraints of the epipen 0 3 mg auto injector in canada learn ,1532428994,JiinKeensKwe,
,,,,,,
1.15E+18,Pat Mac McKenzie,2019-07-20 13:58, designationsix ted cruz comes down here from canada and tells us how to run our government if he does not like it here he can go back ,4207451053,pat_4291_mac,United States
,,,,,,
1.15E+18,Wissler12a,2019-07-20 13:58, undertakehd wikea cirousstream twitchde sie lebt soweit ich wei in canada ,43356064,Wissler12a,
,,,,,,
1.15E+18,CIimate Barbie,2019-07-20 13:58, drjacobsrad trudeaumustgo is still trending in canada and mr caley the senior director of communications for the liberal party is c ,7.19E+17,CIimateBarbie,"Alberta, Canada"
,,,,,,
1.15E+18,NASCAR on TSN,2019-07-20 13:58, jayanddan today is the specialocanada global day of inclusion and you can choosetoinclude by buying this special olympics donut from ,468390921,NASCARonTSN,
,,,,,,
1.15E+18,Heather Suttie,2019-07-20 13:58,cambodia to ship 1 600 tonnes of insulting plastic waste back to us and canada  t co mp3ykttpdu plasticpollution,32813510,Blondi_SOS,Glasgow | London | Tanzania
,,,,,,
1.15E+18,Robby-Lee Hilts,2019-07-20 13:58, franktmcveety alberta judge denies b c s bid to block turn off the taps bill  t co bljwekezz0,2850783528,RlHilts,Sylvan Lake
,,,,,,
1.15E+18,Robert Burns,2019-07-20 13:58, jessie42292067  t co nslsqglknw now where is the govt to get the funds to build a refinery in bc when they re raping our pensi ,23244075,BobbyBGood,Toronto(GTA)
,,,,,,
1.15E+18,Logan Firmaniuk,2019-07-20 13:58, arminvanbuuren you and nashmakesmusic should come play chasing summer in calgary alberta canada,8.98E+17,firmaniuk,
,,,,,,
1.15E+18,Eliana Trinaistic,2019-07-20 13:58, kellycanuckto everyone in eastern canada today weather  t co cnmjr5tges,116505669,eTrinaistic,"Toronto, Canada"
,,,,,,
1.15E+18,Erik Luczak,2019-07-20 13:58, munch289 manny ottawa cbc notabot trudeaumustgo but manny they are a band the band to disband canada as a sovereign nation htt ,1.08E+18,ErikLuczak,
,,,,,,
1.15E+18,lesiepsdansleau,2019-07-20 13:58, travelticket peyto lake canada  t co x9whtvageg,1.02E+18,LesIepsDansLEau,
,,,,,,
1.15E+18,Eden,2019-07-20 13:58, mukwah piya chatelaine cbcradio cbcnews cbc i m from bc and live in ontario 11 years i find racism worse in  t co em1bn903ar,1038355585,BohemianEden,"Foxboro, Ontario"
,,,,,,
1.15E+18,Kirsten Frazier,2019-07-20 13:58, emrazz there s nothing exemplary about a man who rapes an unconscious woman i don t give a fuck about this rapist s resume report th ,475688074,KvFrazier,"Massachusetts, USA"
,,,,,,
1.15E+18,Dustin Grisnich,2019-07-20 13:58,dairy farmers of canada receives unilever s international recognition for its sustainability practices  t co hgac1yxtfd,972922068,farawayfarmboy,
,,,,,,
1.15E+18,Eliam Vargas,2019-07-20 13:58, invi rd el seibo las comunidades beneficiadas fueron vicentillo villa guerrero ca ada de la vaca techodignoparalagente ,1.10E+18,Eliam_Vargas,Santo Domingo Oeste
,,,,,,
1.15E+18,Avendaño,2019-07-20 13:58, claudiogarjs c llate puto que regresando a canad vas a ser pap ,3316145991,ecoav17,
,,,,,,
1.15E+18,Norman Spector,2019-07-20 13:58, b c attorney general david eby said b c has already filed a similar case in federal court although that body h  t co vf9smg8eq4,232519990,nspector4,"Victoria, BC"
,,,,,,
1.15E+18,QueenofCullys,2019-07-20 13:58, eyesofblue06 ok seriously what is wrong with him he is totally unacceptable in canada trudeaumustgo scheervictory ,136068965,cogryzek,Toronto
,,,,,,
1.15E+18,Marshall Gu,2019-07-20 13:58, davidmaccdn the rentalwage is so high that in 97 of neighbourhoods a min wage worker can t afford a modest 2bdrm apt in 31 of cana ,2207483826,freecitysounds,"Toronto, Ontario"
,,,,,,
1.15E+18,Caitlin LaBarge,2019-07-20 13:58,when we left vancouver it was 69 we just landed in nyc i m melting screw his i m going back to canada ,935040974,CaitlinLaBarge,New York
,,,,,,
1.15E+18,M.C,2019-07-20 13:58, charlieintel updated call of duty mobile has soft launched in canada and australia on both ios and android  t co x6cmfzhwm6,4847131040,KougatSpice,
,,,,,,
1.15E+18,KB Radio Canada,2019-07-20 13:58,boudica boudicaband1 different today kbradiothp kbindieradio  t co bxgmiix5yh,4765752278,KBRadio_Canada,"London, Ontario, Canada"
,,,,,,
1.15E+18,Dave West,2019-07-20 13:58, buttsmustpayseveranceback trudeaumustgo god help us and canada if this 2 unethical idiots are running the count  t co t8sxeeu2vg,3258297258,davidallenwest,"Calgary, Alberta"
,,,,,,
1.15E+18,...,2019-07-20 13:58, paul serran he already got sent back to canada ,1120325486,riv_bone,
,,,,,,
1.15E+18,Brian Best,2019-07-20 13:58, specialocanada today is the day get your special olympics donut at timhortons across canada because inclusion goes great with your ,14510823,BrianBest,"Waterloo, Ontario"
,,,,,,
1.15E+18,Susan Korwin,2019-07-20 13:58,bonjour from the paris of canada susankorwin hedred canada quebeccity french bonjour quebec vieux quebec  t co mbwxukywiz,3007656759,redhedsk,NYC and NJ
,,,,,,
1.15E+18,chaz,2019-07-20 13:58,yoooooo justin my mannnnnn since you care so much about people in need how about you donate some of those mil  t co lmdmkizgza,373233176,chuckfitzz,
,,,,,,
1.15E+18,Kendell friess,2019-07-20 13:58, lamphieryeg due to climate change alberta facing near constant drought conditions expert forecast one year ago seriously can t mak ,9.85E+17,kendell_friess,"Kelowna, British Columbia"
,,,,,,
1.15E+18,Spin+ Laundromat,2019-07-20 13:58,in town for a few days come and try our wash and fold service fast turn around times canada women national t  t co oast9dchac,8.64E+17,SpinPlusLaundry,"Edinburg, TX"
,,,,,,
1.15E+18,Macinca19,2019-07-20 13:58,ignoring donald trump s racism will not make it go away huffpost canada  t co 73q3vltmk7,9.66E+17,Macinca19,God’s country - Canada
,,,,,,
1.15E+18,@JulieCunninh13,2019-07-20 13:58, drjacobsrad the canada food guide and the long form census i can think of no two things that canadians care less about yet trudeau ,9.70E+17,juliecunninh13,
,,,,,,
1.15E+18,Resh SketchBook,2019-07-20 13:58, therawgeek titaniamcgrath canada is the brave new world soon even if you re a large 40 year old man with a history of child abuse ,1.12E+18,ReshSketchbook,
,,,,,,
1.15E+18,Maryanne Tracy-Baker,2019-07-20 13:58, rudygiuliani oh rudy rudy rudy not getting your facts straight you poor man lay down and take your meds how is e  t co knymptvcuz,43707804,clubmadforrob,Resister and Fighter for justice for all and our Rule of Law ! Took an Oath to serve and protect All and will do ! #ACLU and #FBR
,,,,,,
1.15E+18,Sharon Buchbinder,2019-07-20 13:58, emrazz there s nothing exemplary about a man who rapes an unconscious woman i don t give a fuck about this rapist s resume report th ,33108674,sbuchbinder,"Baltimore, MD"
,,,,,,
1.15E+18,Dan,2019-07-20 13:58, titaniamcgrath this is the brave woman taking multiple female beauticians to court in british columbia for refusing to wax her scrotum ,68757978,danstephen93,
,,,,,,
1.15E+18,Paul Chislett,2019-07-20 13:58, astrocanuck i am horrified and ashamed as an canadian astronomer after seeing reports of the arrests of elders on maunakea for pro ,46956207,chislettshakeup,"Windsor, Ontario, Canada"
,,,,,,
1.15E+18,AG3,2019-07-20 13:58, politvidchannel breaking justin trudeau on trump s go back tweets the comments made were hurtful wrong and completely unaccepta ,413230559,AuroraATL,ATL
,,,,,,
1.15E+18,carless whisper,2019-07-20 13:58,lol for a second i was like first the road diet bike lanes floating bus stop now this hamilton s really got it g  t co 8ldbiravw8,1278488226,Burgersub,
,,,,,,
1.15E+18,Stephanie,2019-07-20 13:58, sheila copps trudeaumuststay fake twitter accounts need to be shut down by elections canada sooner rather than later wearecanpro ,203214137,phiologist,Canada
,,,,,,
1.15E+18,Northern Girl,2019-07-20 13:58, kellycanuckto everyone in eastern canada today weather  t co cnmjr5tges,2894394100,shirleygignac2,
,,,,,,
1.15E+18,Couch Potato,2019-07-20 13:58, drewbaba et canada just said the two top songs from the album are mood 4 eva amp brown skin girl wizkid was even trending in us amp ,28339354,Drewbaba,Behind Bars
,,,,,,
1.15E+18,Crews64,2019-07-20 13:58, whiskysmiles ted roc sarahksilverman canada isn t far from you jake maybe you should go on over the border m  t co 8radep3ywc,3312517831,TTUcrews,
,,,,,,
1.15E+18,That Guy,2019-07-20 13:58, bob animal you know it s hot in canada when  t co 2agwkxejqw,78450054,CMONMANN,"Milwaukee, WI, USA"
,,,,,,
1.15E+18,V,2019-07-20 13:58, davidsirota great story from paulheintz about the first bus trips berniesanders organized to take seniors to canada to purchase lowe ,8.93E+17,godlesshippiee,"Montrose, CO"
,,,,,,
1.15E+18,Jo,2019-07-20 13:58, anthonysarti11 tu sais qu il fait chaud au canada quand  t co 24g50o58bs,534683861,jonathan_mbl,"Montréal, Québec"
,,,,,,
1.15E+18,Jason M,2019-07-20 13:58, depressionnote suicide hotline numbers united kingdom 116 123 united states 1 800 273 8255 canada 1 800 456 4566 ireland ,227927334,newfiebullet001,
,,,,,,
1.15E+18,Sophia Horwitz,2019-07-20 13:58, tessybritton thank you to everyone for extraordinary week of learning and creating ideas with wonderful teams from montreal halifax ,111974161,sophiahorwitz,Canada
,,,,,,
1.15E+18,Mudasir abbasi,2019-07-20 13:58, nas k27 not to forget when we all pakistani americans did protest at uno building ny on nawaz shareef s arrival it was so much fun ,1.13E+18,Mudasir62727097,
,,,,,,
1.15E+18,Colleen Lyon,2019-07-20 13:58, justintrudeau it s a big day for moms and dads your canada child benefit is going up so you ll have more money to help pay for what ,1.04E+18,ColleenLyon1,
,,,,,,
1.15E+18,Sir Visa,2019-07-20 13:58,poland singapore kuwait dubai canada readily available country with amazing job offers remember zero down  t co pgfyatp6qk,1.15E+18,sir_visa,
,,,,,,
1.15E+18,Marcelo Fernandes,2019-07-20 13:58, justintrudeau it s a big day for moms and dads your canada child benefit is going up so you ll have more money to help pay for what ,367869607,marcelofjadv,caraubas - rn
,,,,,,
1.15E+18,Calvin Swine,2019-07-20 13:58, liberal party whatever your family gets up to this summer you re about to have more money to make the best of it for your kids beca ,273465530,CalvinSwine905,"Etobicoke,ON,CANADA"
,,,,,,
1.15E+18,"Peter Graham, PhD",2019-07-20 13:58, juliadavisnews trudeau about send her back chants at trump rally the comments made were hurtful wrong and completely unacceptable ,1005209094,pgrahammtl,Montreal
,,,,,,
1.15E+18,Malak Shahsawar khan,2019-07-20 13:58, justintrudeau it s a big day for moms and dads your canada child benefit is going up so you ll have more money to help pay for what ,7.62E+17,FMshahsawarkhan,"Mardan,Pakistan"
,,,,,,
1.15E+18,The Target,2019-07-20 13:58,if you re a white supremacist move to canada because we don t need anymore people who think the american dream is  t co bcsgnvih7v,7.24E+17,TheeTarget,"Freedom, PA"
,,,,,,
1.15E+18,Andrew Jacobson,2019-07-20 13:58, cnni and that s why you never go to canada sethrogen,123747212,aj_son_2,"Scottsdale, AZ"
,,,,,,
1.15E+18,Bitchy Court Historian,2019-07-20 13:58,canada looks good in comparison to the us that s why my mom is subtly trying to pressure me to move to montreal t  t co lrjmh6nslm,9.37E+17,mishanaxx,Pittsburgh
,,,,,,
1.15E+18,Angie Mooreland,2019-07-20 13:58, m8tis seb 2 3 aussi libre du n onationalisme que nous observons l ouest et de sa r cup ration croissante par un colonialisme tati ,1164048631,AngieMooreland,Angelique's Land
,,,,,,
1.15E+18,Shelley,2019-07-20 13:58, kylegriffin1 the comments made were hurtful wrong and completely unacceptable the canadian pm justin trudeau said and i want eve ,4421573842,litdleRhodie,
,,,,,,
1.15E+18,[U4iK] [TZS] Shadow_Gam1ng,2019-07-20 13:58, depressionnote suicide hotline numbers united kingdom 116 123 united states 1 800 273 8255 canada 1 800 456 4566 ireland ,1.03E+18,Shadow_Gam1ng,
,,,,,,
1.15E+18,charlotte smith,2019-07-20 13:58, ericholthaus another stunning record this week alert canada the northernmost permanent settlement on earth reached 70 f 21 c for t ,2990160643,cwscomms,"Bedford, England"
,,,,,,
1.15E+18,Haydee De Ruggiero,2019-07-20 13:58, 13ltc13 thatericalper thousand oaks california to toronto canada to see the magnificent jonantoine in concert nessundorma livemus ,488420953,HaydeeDeRuggier,"New York, USA"
,,,,,,
1.15E+18,yo Gabri,2019-07-20 13:58, milenio canad busca enfermeros mexicanos que quieran ganar 46 mil pesos al mes  t co 1arltx4jlx  t co xmrauilqrx,961386074,mariana81026582,
,,,,,,
1.15E+18,streedbd,2019-07-20 13:58, m bruntz designationsix graciegrace80 i m sure canada doesn t want him,860726142,wordwarrior16,
,,,,,,
1.15E+18,Jacqueline,2019-07-20 13:58, cameronahmad canada was affirmed at aaa by fitch earlier today with a stable outlook it s one of the few sovereigns with a top ratin ,35273314,ARTYinTO,Toronto Beaches
,,,,,,
1.15E+18,JCurry,2019-07-20 13:58, entrevestor icymi to francis mcguire the growth of atlantic canada s startup community is above all a youth retention strategy amp h ,310282086,JCurryJ,Halifax
,,,,,,
1.15E+18,Patrick Rizzo,2019-07-20 13:58, designationsix i hear canada wants nothing to do with him oh canada ,28327349,prizzotweet,"Manhattan, NY"
,,,,,,
1.15E+18,A dog day,2019-07-20 13:58, barrietoday canada nine arrested 35m in property seized in ndrangheta family illegal gaming bust  t co x6vtsegg2i  t ,3275585052,Julyoneone,
,,,,,,
1.15E+18,A. Martinez,2019-07-20 13:57, seattlestorm jordin canada and the storm set the single game franchise record tonight with 18 steals werepseattle http ,1.06E+18,AlexMar22677311,"California, USA"
,,,,,,
1.15E+18,Marie-Lyne LeBel,2019-07-20 13:57, bernardbourdon il y a 30 ans c tait les coles d immersion fran aise qui faisaient fureur d un trudeau l autre  t co 1cq2qugjce,142441593,ml2lion,REPENTIGNY
,,,,,,
1.15E+18,BB KARINA to 2366,2019-07-20 13:57, teamaljonbcd busy tag chapter s admins sa pagpasa ng load ilalaban natin ang big winner ni binata aljonmendoza bb karina to 236 ,1.06E+18,Jaylyn151,Singapore
,,,,,,
1.15E+18,Common Sense,2019-07-20 13:57, designationsix ted cruz comes down here from canada and tells us how to run our government if he does not like it here he can go back ,9.52E+17,MAGA_time1992,
,,,,,,
1.15E+18,COMUNIDAD S.P.M,2019-07-20 13:57,un hospital de canad permite que las mascotas visiten a sus due os para que se curen m s r pido  t co oudtpmm0o2,7.09E+17,comunidadspm,Melipilla 
,,,,,,
1.15E+18,Mandi,2019-07-20 13:57,dear canada this is not what we want but what we will get wit andrewscheer scheerstupidity  t co wtml0cqiy4,7.13E+17,m4ndypants,
,,,,,,
1.15E+18,Tribu njf nous sommes sajofita véronique david,2019-07-20 13:57,aniways le canada a pas besoin de petite vieilles,3299678182,vrodavid4,"Québec, Canada"
,,,,,,
1.15E+18,Bryce Hoye,2019-07-20 13:57, heatherwellscbc homeless immigrant builds magnificent winnipeg shack after promise of better life in canada falls through brycehoy ,2319865033,brycehoye,"Treaty 1/Winnipeg, Mb"
,,,,,,
1.15E+18,Chris Chapelle,2019-07-20 13:57, george olah hello parks canada  t co v1elaske6x,149697156,Hockeyleafs2012,"Cambridge, Ontario"
,,,,,,
1.15E+18,theo,2019-07-20 13:57, danielmasse16 fordnation unifor jerry dias trudeau and the liberal and ndp sabotaged the energy sector in canada ,1079918862,theobuday,
,,,,,,
1.15E+18,CryptoJesus,2019-07-20 13:57, titaniamcgrath this is the brave woman taking multiple female beauticians to court in british columbia for refusing to wax her scrotum ,9.40E+17,cryptojesus69,With the gods
,,,,,,
1.15E+18,John Kirton,2019-07-20 13:57,canada alone in the g7fr with this plus a fta with all other members when and how will the others catch up  t co uspn2yfk90,2418163506,jjkirton,Toronto
,,,,,,
1.15E+18,anita diaz,2019-07-20 13:57, emrazz there s nothing exemplary about a man who rapes an unconscious woman i don t give a fuck about this rapist s resume report th ,459574754,anitajanediaz,
,,,,,,
1.15E+18,Ahmet,2019-07-20 13:57, travelticket peyto lake canada  t co x9whtvageg,1.05E+18,turgayahmetb,
,,,,,,
1.15E+18,Ismaila Katakore,2019-07-20 13:57, titaniamcgrath this is the brave woman taking multiple female beauticians to court in british columbia for refusing to wax her scrotum ,2197929138,IsmailaKatakore,
,,,,,,
1.15E+18,CoryHuybregts,2019-07-20 13:57, westview al yo andrewscheer cpc hq et al there are 11 countries in the world that have a aaa credit rating from the 3 internationa ,1.12E+18,CoryHuybregts,"Ottawa, Ontario"
,,,,,,
1.15E+18,K.Baca-Pogorzelska,2019-07-20 13:57, dziady w kanadyjskim alert najdalej na n zamieszka ej osadzie na ziemi 800km od bieguna pierwszy raz w historii zanot 21 st c ,609081171,BacaPogorzelska,"Polska, Warszawa"
,,,,,,
1.15E+18,Irish Paul of Manitoba,2019-07-20 13:57, irishtimescultr when the irish invaded canada fenian plan was doomed from the start  t co nbqiocvldp via irishtimescultr,23953260,IrishofManitoba,Winnipeg
,,,,,,
1.15E+18,Kristin Whiteley,2019-07-20 13:57, gbickerton398 after 4 years of phoenix pay issues parks canada members deserve to be treated fairly and with respect instead they ar ,279219321,causalitybrunch,"Toronto, ON"
,,,,,,
1.15E+18,Jay_Meller,2019-07-20 13:57,canada s world class dumb dumb  t co owbkdqpg2k,1.11E+18,JayMeller1,Canada
,,,,,,
1.15E+18,Tim Parker ,2019-07-20 13:57, guntruth canada twilsonottawa the undercard should be aj and miles trudeaumustgo,2597950410,ti_coach,
,,,,,,
1.15E+18,Barbara MacDonald,2019-07-20 13:57, justintrudeau it s a big day for moms and dads your canada child benefit is going up so you ll have more money to help pay for what ,3299994587,barbara55195,
,,,,,,
1.15E+18,Ron Hart,2019-07-20 13:57,federal green party leader elizabeth may makes her way from parliament hill in ottawa on june 18 2019 the federal  t co rpcipkwh1k,549746151,gaianicity,"Toronto, Ontario, Canada"
,,,,,,
1.15E+18,andrea davis,2019-07-20 13:57, charlieangusndp pam palmater justintrudeau seamusoregan and for 3 years now i have been asking my mp  t co xtvwzbm4wk,35399654,tayery,toronto
,,,,,,
1.15E+18,Sherman Bastarache,2019-07-20 13:57,certain pacific oysters recalled due to threat of paralytic shellfish poisoning  t co 1kgctfhxij,911309617,SPBastarache,"Riverview, New Brunswick"
,,,,,,
1.15E+18,BPC,2019-07-20 13:57, liberal party also don t forget to mention canada s current debt which you have taken sky high is it at 130 billion ,8.35E+17,BPatelcanadian,
,,,,,,
1.15E+18,Gabriela Samano,2019-07-20 13:57, revistaproceso canad busca trabajadores mexicanos con sueldos de hasta 69 mil pesos  t co zflwojdojt,7.14E+17,gabyborguard,
,,,,,,
1.15E+18,Stephanee Benz,2019-07-20 13:57, 7newssydney police in canada have launched a murder investigation into the deaths of australian lucas fowler and his american girlfrie ,2841912836,StephaneeC1991,"Oregon City, OR"
,,,,,,
1.15E+18,Elliot Adams,2019-07-20 13:57, starsports damospin like who would write such a trash article i d expect this from america but not canada where s the god dam support ,247427665,Elliotthemooose,"Victoria, BC"
,,,,,,
1.15E+18,Son Of Perry,2019-07-20 13:57, 7newssydney police in canada have launched a murder investigation into the deaths of australian lucas fowler and his american girlfrie ,2781529360,KatyPerrysSon,Katy Perry Stan
,,,,,,
1.15E+18,helenao,2019-07-20 13:57,voc percebe q tava cercado de burgueses quando o col gio q vc tava gt vai pro canad lt ,1.05E+18,sahlen__,district 9
,,,,,,
1.15E+18,Mistake Not My Current State Of Joshing Gentle,2019-07-20 13:57, emrazz there s nothing exemplary about a man who rapes an unconscious woman i don t give a fuck about this rapist s resume report th ,71676966,tsoprano8,Eccentric Offensive Unit
,,,,,,
1.15E+18,Slash World Argentina,2019-07-20 13:57, slash en vancouver canada 18 07 19 kira clavell slash smkc livingthedreamtour vancouver  t co ex0ypdhfre,9.15E+17,slashworldarg,Argentina
,,,,,,
1.15E+18,coco,2019-07-20 13:57, kellycanuckto everyone in eastern canada today weather  t co cnmjr5tges,2966348976,samilan27,
,,,,,,
1.15E+18,Paul Gilbert,2019-07-20 13:57, designationsix ted cruz comes down here from canada and tells us how to run our government if he does not like it here he can go back ,40149221,pkgilbert,
,,,,,,
1.15E+18,Ronnie,2019-07-20 13:57,butts is back and suddenly the liberal crew is looking awfully familiar cbc news  t co 94md7bubay  t co tgde4slrrl,730846399,KyleSAlexanderR,Canada
,,,,,,
1.15E+18,Dragonfly Lady,2019-07-20 13:57, thatsmrneil considering that ontario has 121 of canada s 338 electoral districts i would say that the historic unpopularity of doug f ,1.10E+18,DragonflyLadyA2,Canada
,,,,,,
1.15E+18,Fermín Huerta,2019-07-20 13:57, spectatorindex beer spending per person 2018 iceland 705 ireland 537 australia 504 new zealand 492 switzerland 475 nether ,275681295,huertaff,
,,,,,,
1.15E+18,Laura Yee-Lim,2019-07-20 13:57, cbc the late children s entertainer ernie coombs perhaps better known as mr dressup architect frank gehry and olympic speedskater c ,1700970024,LoLoD_77,Downtown Vancouver
,,,,,,
1.15E+18,Bill Namagoose,2019-07-20 13:57, borealconserve did you know canada s boreal forest contains more surface freshwater than any other ecosystem on the planet it contai ,24903492,billnama,Cree Embassy in Ottawa
,,,,,,
1.15E+18,Julian Goulbourne,2019-07-20 13:57, criscyborg the highest average annual snowfall recorded at a weather station in canada is 1388 centimetres 45 5 f  t co fi7gdaaxsv,3151014550,Kinging_Realz,"London, England"
,,,,,,
1.15E+18,Wes_Tron,2019-07-20 13:57, bob animal you know it s hot in canada when  t co 2agwkxejqw,1.13E+18,TronWes,
,,,,,,
1.15E+18,GoHawks,2019-07-20 13:57, kellycanuckto everyone in eastern canada today weather  t co cnmjr5tges,928989560,eyoftgr,
,,,,,,
1.15E+18,Sandy Dunn,2019-07-20 13:57, k muldoon yesterday in addition to the news article written on our research there were 5 other news articles from globalnews coveri ,3166065149,SandyDunnK2A,"Ottawa, ON"
,,,,,,
1.15E+18,Adam,2019-07-20 13:57,this bias hack runs a research and polling company only in canada trudeaumustgo  t co wjqz5mt5cd,242867688,TeamAdam76,"Dartmouth, Nova Scotia"
,,,,,,
1.15E+18,diane guy,2019-07-20 13:57, djokovicuk i don t think this has anything to do with nationalism i am not serbian born in uk brought up in can  t co jahrpq8ghx,59243988,dianerguy,
,,,,,,
1.15E+18,Gojira,2019-07-20 13:57, juliadavisnews trudeau about send her back chants at trump rally the comments made were hurtful wrong and completely unacceptable ,2171619657,Getta9940,
,,,,,,
1.15E+18,Gala,2019-07-20 13:57, spikedonline fifteen female beauticians in canada are being sued because they refused to wax a trans woman s bollocks we ve reached p ,4816020353,galamandel,
,,,,,,
1.15E+18,SteveOfDestruction,2019-07-20 13:57, k2 lawman yet another reminder that reconciliation and hopes that trudeau would have the courage and vision to nominate an indigenou ,337007667,Navarion,
,,,,,,
1.15E+18,Jon Q Public,2019-07-20 13:57, justinbieber realdonaldtrump you do realize canada has a similar temporary holding centers on their border as well right ,7.41E+17,95bravo1994,"California, USA"
,,,,,,
1.15E+18,Cameron Charlton,2019-07-20 13:57, jlew1050 in just over 2 months nick nurse has gotten a massage from drake on national tv had a baby won nba championship ,440054288,94charlton,"Fergus, ON"
,,,,,,
1.15E+18,Rezzi,2019-07-20 13:57, evystadium look conversations about racism are hard but don t use this canada is multicultural soundtrack to drown the experiences o ,585725930,rezzidoke,
,,,,,,
1.15E+18,André Gosselin,2019-07-20 13:57, yfblanchet tir sportif avec une arme con ue pour la guerre et souvent utilis e dans les tueries aux usa par le responsable conserva ,1129400509,gosselinandre13,
,,,,,,
1.15E+18,Toronto Mktg Jobs,2019-07-20 13:57,if you re looking for work in toronto ontario check out this marketing job via the link in our bio media amp ana  t co xylnehskey,22062578,tmj_gta_adv,Toronto
,,,,,,
1.15E+18,Cyn,2019-07-20 13:57, citynews cityfaizaamin if he s in china forget about it china won t let him go back to canada besides he s ch  t co nwwyzaivmp,2799098582,PiticcoCynthia,toronto
,,,,,,
1.15E+18,Jeffrey Leich (enger),2019-07-20 13:57, bob animal you know it s hot in canada when  t co 2agwkxejqw,26160036,jleicheng,Chicago
,,,,,,
1.15E+18,Chris Holt,2019-07-20 13:57, jonathan pinto one of the decisions kingston has made since the declaration is postponing a new library in favour of purchasing elec ,2680766584,ChrisHoltDOTca,"Windsor, Ontario"
,,,,,,
1.15E+18,MAYUS,2019-07-20 13:57, simra s ingredients of creating a punjabi music video daru police sirens black cars and mention dollar canada gabru ja ,1.11E+18,Official_mayus,Nigeria
,,,,,,
1.15E+18,Legend Zino,2019-07-20 13:57, simra s ingredients of creating a punjabi music video daru police sirens black cars and mention dollar canada gabru ja ,9.35E+17,Zino_cockie,"Ibadan, Nigeria"
,,,,,,
1.15E+18,Kate Battles,2019-07-20 13:57, juliadavisnews trudeau about send her back chants at trump rally the comments made were hurtful wrong and completely unacceptable ,3010984564,KateBattles,"Southborough, MA"
,,,,,,
1.15E+18,Mr. David TH,2019-07-20 13:57, speakeasyjames the motley crew which has brought so much embarrassment amp failure to canada is creeping back together all hands on dec ,53769571,ThomasD123,Somewhere in Space
,,,,,,
1.15E+18,Princess Snide,2019-07-20 13:57, beans rae suck it up cupcake it s hot it s summer sincerely canada,1.09E+18,princess_snide,The Cliffs of Insanity
,,,,,,
1.15E+18,T,2019-07-20 13:57, beccaboomm yaaaas girl this is amazing always repping your art over here in edmonton canada ,392961957,TaylorCannard,
,,,,,,
1.15E+18,Team ALJON Global (SOCCSKSARGEN Chapter),2019-07-20 13:57, teamaljonbcd aljonmendoza tagpampanga teamaljonilocos teamaljonarmy moniccccc20 teamaljondptn  t co yhaemk9oh3,1.08E+18,TagSoccsksargen,Republic of the Philippines
,,,,,,
1.15E+18,Liah Moises,2019-07-20 13:57, instagram we re currently running a test that hides the total number of likes and video views for some people in the following countri ,4421104158,leeeeyaaaah,
,,,,,,
1.15E+18,Jazz became a CEO Tank host,2019-07-20 13:57, depressionnote suicide hotline numbers united kingdom 116 123 united states 1 800 273 8255 canada 1 800 456 4566 ireland ,1.14E+18,euRidnaB,Knowhere
,,,,,,
1.15E+18,Jeffery McCarter,2019-07-20 13:57, massmikmouse the vfw parkway legion of the canada geese society meeting to discuss the demise of a member of the tlf in a garage of al ,390973273,JefferyMcCarter,
,,,,,,
1.15E+18,Miss Derkins,2019-07-20 13:57, radiocanadainfo elles ont toutes disparu ces voix tant aim es de radio canada ,9.52E+17,_D_E_F_I,
,,,,,,
1.15E+18,David,2019-07-20 13:57, designationsix ted cruz comes down here from canada and tells us how to run our government if he does not like it here he can go back ,552348518,sd4david,San Diego California
,,,,,,
1.15E+18,Durniya Babushka,2019-07-20 13:57, drjacobsrad trudeaumustgo is still trending in canada and mr caley the senior director of communications for the liberal party is c ,8.74E+17,DurBabushka,"Alderaan, Tatooine "
,,,,,,
1.15E+18,Oyatoki Samson,2019-07-20 13:57,reach out to justintrudeau so he can take them all into canada when i say all i mean all of those in ur so called  t co 4uyctc1q7u,9.59E+17,TherealOyatoki,"Los Angeles, CA"
,,,,,,
1.15E+18,Mississauga Deal Finder,2019-07-20 13:57,cineplex canada family favourites movies promotions missing link movie for 2 99 ticket today at 11 00 am ,2707531706,miss_dealfinder,"Mississauga, Ontario"
,,,,,,
1.15E+18,Josh McCabe,2019-07-20 13:57,learn more on why canada didn t develop similar problems with marriage penalties  t co mfqf8pntuy  t co dhqfakoclc,1084098438,JoshuaTMcCabe,"Beverly, MA"
,,,,,,
1.15E+18,Robert Burns,2019-07-20 13:57, lauralynntt this is a friend of transexual morgane oger who is buddies with michellerempel time to stop voting for an mp who does n ,23244075,BobbyBGood,Toronto(GTA)
,,,,,,
1.15E+18,Dawn Politi,2019-07-20 13:57, designationsix don t do that to the peaceful people of canada ,1.03E+18,DawnPoliti,
,,,,,,
1.15E+18,Markham Deal Finder,2019-07-20 13:57,cineplex canada family favourites movies promotions missing link movie for 2 99 ticket today at 11 00 am ,2851661830,MRKH_DealFinder,"Markham, Ontario"
,,,,,,
1.15E+18,Bartenders.ca,2019-07-20 13:57,well done alex def got the talent to getting a job tag your friends that need a job and a nightlife  t co lk91himipr,147864915,bartendersca,"Montréal, Québec"
,,,,,,
1.15E+18,Under the Radar,2019-07-20 13:57, mc12 55 i ve noticed from way out here on the west coast ford is a nightmare and scheer would be for canada how the hell did ontario ,39512124,retail_recruit,I mute with reckless abandon. #INTJ
,,,,,,
1.15E+18,Julio César García,2019-07-20 13:57, kellycanuckto everyone in eastern canada today weather  t co cnmjr5tges,82617494,jcgarcia25,
,,,,,,
1.15E+18,William Bailey,2019-07-20 13:57, 7newssydney police in canada have launched a murder investigation into the deaths of australian lucas fowler and his american girlfrie ,26875166,1shyguy4u,
,,,,,,
1.15E+18,Nina Riggins,2019-07-20 13:57, mrensel1 meet your advocates aanpalf aanmember neurologist advocates helping nmo epilepsy seizure patients with treatment ,1.04E+18,NinaRiggins,"San Francisco, CA"
,,,,,,
1.15E+18,Fred Placey,2019-07-20 13:57,an american woman visited her boyfriend in canada they were both found dead on a remote highway  t co 8nwoopskt3,1340700014,News_Fred,"Westbrook, ME"
,,,,,,
1.15E+18,Lee,2019-07-20 13:57, titaniamcgrath this is the brave woman taking multiple female beauticians to court in british columbia for refusing to wax her scrotum ,359043537,thorntinho,"Preston, England"
,,,,,,
1.15E+18,Eliam Vargas,2019-07-20 13:57, mayoescoto nos sentimos muy contentos por llevar esperanza y compartir con tanta gente en la provincia el seibo hoy fueron m s de 400 ,1.10E+18,Eliam_Vargas,Santo Domingo Oeste
,,,,,,
1.15E+18,Eye Am,2019-07-20 13:57, silversteinbud 63 want limits on immigration in canada yet ,7.27E+17,CarlGreenwood12,"Vancouver, British Columbia"
,,,,,,
1.15E+18,Sensei Uensei,2019-07-20 13:57,drafts by claudio iedwab senseiuensei dog perro illustrations ilustraciones design  t co qmcsz8aefk,1.15E+18,SenseiUensei,Canada
,,,,,,
1.15E+18,Scott Anderson,2019-07-20 13:57, tsndavenaylor as the father of a special olympian i m proud to remind everyone that today is special olympics global day of inclusion ,9.16E+17,ScottA_GIS,"Toronto, ON"
,,,,,,
1.15E+18,Mary Murphy,2019-07-20 13:57,bbc news some unexpected consequences of extreme heat  t co ypxpzwhzld,32359357,macmurph,East coast
,,,,,,
1.15E+18,networkgal,2019-07-20 13:57, wbrettwilson well done justintrudeau amp cathmckenna amp supporting cast of eco alarmists while we should be a world leader in the ene ,14652467,networkgal,Canada
,,,,,,
1.15E+18,Nikol.AI,2019-07-20 13:56, te d br a professor at the university of ottawa who specializes in obesity said that the only explanation for scheer s comments w ,1.14E+18,therealNikol_AI,The Internet
,,,,,,
1.15E+18,Lisa MacIntosh,2019-07-20 13:56, madswilson this family is doing their weekly water run at the watering hole in attawapiskat this is ontario this is canada at ,832116679,PhotoLMP,Toronto
,,,,,,
1.15E+18,Carolyn Turnos,2019-07-20 13:56, teamaljonbcd busy tag chapter s admins sa pagpasa ng load ilalaban natin ang big winner ni binata aljonmendoza bb karina to 236 ,1.11E+18,CTurnos,Kingdom of Saudi Arabia
,,,,,,
1.15E+18,Sue Carveth,2019-07-20 13:56, us canada set your alarm and join us on zoom if you have been looking for a way to supplement your income or  t co ot3gf1odxm,71701457,SueCarveth,"Mississauga, Ontario Canada"
,,,,,,
1.15E+18,melissa reynolds,2019-07-20 13:56, emrazz there s nothing exemplary about a man who rapes an unconscious woman i don t give a fuck about this rapist s resume report th ,94250492,mbailey34,"Austin, TX"
,,,,,,
1.15E+18,BlessedElements,2019-07-20 13:56,why a hipster vegan green tech economy is not sustainable canada  t co tvvwxg65jh sustainable,144503423,Blessed_Element,In The Forest...#Florida
,,,,,,
1.15E+18,Regreso al Inicio,2019-07-20 13:56, travelticket peyto lake canada  t co x9whtvageg,352862613,masegoviabello,Costa Rica
,,,,,,
1.15E+18,Bankrupt Baby,2019-07-20 13:56,meanwhile in canada the chinese will not even take a call from trudeaumustgo  t co 0zjvd0ow6o,28846434,BankruptBaby,North America
,,,,,,
1.15E+18,Durniya Babushka,2019-07-20 13:56, manny ottawa this is really happening in canada bona fide hashtag trudeaumustgo trends as 1 and fakenewsmedia say it s because of ,8.74E+17,DurBabushka,"Alderaan, Tatooine "
,,,,,,
1.15E+18,operator_uwu,2019-07-20 13:56, t co zexw6wkpp6 just a couple of bad apples man nothing to see here,1.01E+18,operatornsfw,"under a table, being cute"
,,,,,,
1.15E+18,Erik Luczak,2019-07-20 13:56, vanvlietdesign drjacobsrad integrity is critical to canada s continuation as a free nation corruption is taking us into slavery if ,1.08E+18,ErikLuczak,
,,,,,,
1.15E+18,Ginny Hendrix,2019-07-20 13:56, circularit malaysia in may said it would send back some 3 000 tons of non recyclable plastic waste to countries such as the u s u k ,452913021,hollyooo,North
,,,,,,
1.15E+18,bpresthofer,2019-07-20 13:56, antony adler there s a sponge garden or sponge forest down there it s like an ancient old growth forest that has just been lost ,19852236,westcoast_spark,The westcoast of B.C.
,,,,,,
1.15E+18,Gabriele Franke,2019-07-20 13:56, richardtgwalsh  t co bjh3w6zzvw what occurs when governments trust the market to build housing a basic human right affordab ,3136060350,gabrfranke,"Toronto, Ontario"
,,,,,,
1.15E+18,Styxhexenhammer666,2019-07-20 13:56, estivel kenya is not a race neither is born outside us ted cruz was born in canada and held dual citizenshi  t co uzhldecbkr,8.08E+17,Styx666Official,
,,,,,,
1.15E+18,~RockabyeRose~,2019-07-20 13:56, depressionnote suicide hotline numbers united kingdom 116 123 united states 1 800 273 8255 canada 1 800 456 4566 ireland ,1.09E+18,rockabyerose,
,,,,,,
1.15E+18,Simone Ruellan,2019-07-20 13:56, jaimebcba this is an example of how to balance a budget invest in education and childcare reduce unemployment rates and inves ,460592390,Asdcaregiver,"Mississauga, Ontario, Canada"
,,,,,,
1.15E+18,Adam Meily,2019-07-20 13:56, designationsix ted cruz comes down here from canada and tells us how to run our government if he does not like it here he can go back ,2427822212,atMeily,"Rome, NY"
,,,,,,
1.15E+18,Wende,2019-07-20 13:56, bob animal you know it s hot in canada when  t co 2agwkxejqw,7.96E+17,77_raiderfan,usa
,,,,,,
1.15E+18,Kev,2019-07-20 13:56, moonloopz the members left kevin at the grocery store alone and he just sat there saying he s going back to canada lmao  t co v ,1.10E+18,tbzkeviin,
,,,,,,
1.15E+18,Jed Schneiderman,2019-07-20 13:56,chart showing country comparison of netflix hours shows by country names are hard to read in chart click arti  t co mle0gzvczl,76630368,jedschneiderman,"Toronto, ONT, Canada"
,,,,,,
1.15E+18,David John,2019-07-20 13:56, lorne61 the rise of the satanic temple in canada  t co bcy3tcpd0f,3900956056,DavidCoggiola,USA
,,,,,,
1.15E+18,Minnie #BernierNation,2019-07-20 13:56, azmairnin2019 meeting with kevinolearytv he has great respect for maximebernier and agrees with most of his ideas investments amp op ,7.18E+17,Minnie_Yaniz,"Oakville, Ontario"
,,,,,,
1.15E+18,Anonymous Rex,2019-07-20 13:56, juliadavisnews trudeau about send her back chants at trump rally the comments made were hurtful wrong and completely unacceptable ,1.00E+18,AnonymousRex12,
,,,,,,
1.15E+18,Family Lawyer,2019-07-20 13:56, t co i9djyzw6uj  t co nurlgd3h3h,187703573,MarlaGilsig,"Vancouver, BC, Canada"
,,,,,,
1.15E+18,Vishal Choradiya,2019-07-20 13:56, india is one of numerous deteriorating democracies that are in denial that is why telling india s story and tell  t co stbuxhs0m1,113445161,VishalChoradiya,Bangalore
,,,,,,
1.15E+18,Nick GNZLZ,2019-07-20 13:56, justintrudeau it s a big day for moms and dads your canada child benefit is going up so you ll have more money to help pay for what ,299377625,NicolasGTNT,"St. Catharines, Ontario"
,,,,,,
1.15E+18,No Tragemos Entero,2019-07-20 13:56, jesuisfatigue1 sandrarestrepo carlosmartnroj4 funcionario p blico amenazado en colombia pide orientaci n para asilo pol tico en can ,9.57E+17,Cerochanchullos,
,,,,,,
1.15E+18,Robb M.,2019-07-20 13:56, graphicmatt infrastructure canada spokesperson says ford government hasn t provided a business case for ontario line or other parts of ,762,astroboy,ON
,,,,,,
1.15E+18,(((Thomas Törnblom))),2019-07-20 13:56, bob animal you know it s hot in canada when  t co 2agwkxejqw,267698378,Rexx_T,Hisingen
,,,,,,
1.15E+18,Adamo,2019-07-20 13:56, lauralynntt this is a friend of transexual morgane oger who is buddies with michellerempel time to stop voting for an mp who does n ,2833513650,trueinfosekker,
,,,,,,
1.15E+18,tdb,2019-07-20 13:56, a professor at the university of ottawa who specializes in obesity said that the only explanation for scheer s  t co nzg4loiymg,8.88E+17,te_d_br,Living on an island.
,,,,,,
1.15E+18,JPayne,2019-07-20 13:56, natcitizens media bailout with trudeaumustgo continuing to trend across canada ctv news and the national observer have taken the d ,262487952,Draco74403,Calgary
,,,,,,
1.15E+18,Michael F. Motala J.D.,2019-07-20 13:56, 22 minutes reports say a trending trudeaumustgo hashtag was driven by a bot or as we call them in canada aboot ,3318928887,MichaelMotala,"Toronto, Ontario"
,,,,,,
1.15E+18,80NorthEntertainment,2019-07-20 13:56, belford steve fbf to colder days location scouting for a documentary in muskoka parrysound northernontario frozenlake spring ,7.23E+17,80NorthEnt,
,,,,,,
1.15E+18,Lindsay Noneya,2019-07-20 13:56, emrazz there s nothing exemplary about a man who rapes an unconscious woman i don t give a fuck about this rapist s resume report th ,91599187,LindsayBrookeH,
,,,,,,
1.15E+18,SBHINCLUSION,2019-07-20 13:56, ccpa in saskatoon a minimum wage worker would have to work 78 hours week in order to rent an average apartment the situation is jus ,177711237,sbhinclusion,"Saskatchewan, Canada"
,,,,,,
1.15E+18,Robear,2019-07-20 13:56, ztekdesign mattwalshblog i work in forestry and this a huge lie the us and canada goes over an above to properly manage our forest ,7.90E+17,OuttaGotham,
,,,,,,
1.15E+18,Kerry Lee,2019-07-20 13:56, cbcns rcmp warn public about alleged sex offender now living in hants county  t co lbjk186mzl  t co 8o3rbw8ofo,138551085,Kerrylee27,"Nova Scotia, Canada"
,,,,,,
1.15E+18,Jake,2019-07-20 13:56, cbcnews hamilton like much of canada is caught up in an opioid crisis paramedics have responded to 413 suspected opioid overdoses s ,1.15E+18,Jake25309909,"Alberta, Canada"
,,,,,,
1.15E+18,Jose Luis,2019-07-20 13:56,canada earmarks 690 million to settle claims of sexual misc joseluisintwite nytimes twitter news notic  t co gzww5oqxic,7.25E+17,joseluisintwite,BRASIL
,,,,,,
1.15E+18,Matilde B Lipp,2019-07-20 13:56, revistaproceso canad busca trabajadores mexicanos con sueldos de hasta 69 mil pesos  t co zflwojdojt,405282123,sancris63,"CDMX , México ."
,,,,,,
1.15E+18,Salty_Swift,2019-07-20 13:56, designationsix ted cruz comes down here from canada and tells us how to run our government if he does not like it here he can go back ,472273222,Salty_Swift,Saturn
,,,,,,
1.15E+18,Morris,2019-07-20 13:56, cbcnl johngushue a continuing dreary long cbc run of a story as an opportunity to highlight politicians while fai  t co ap7l4maorv,2186724688,morris_canada,"Newfoundland Labrador, Canada"
,,,,,,
1.15E+18,Kit Perriman,2019-07-20 13:56, 7newssydney police in canada have launched a murder investigation into the deaths of australian lucas fowler and his american girlfrie ,2884272956,KitPerriman,Inside a book
,,,,,,
1.15E+18,ForzaVale,2019-07-20 13:56, notabledesister the canadian government is getting everything it deserves in the public spectacle that is the yaniv case because of it ,20604623,Roaringgirl,
,,,,,,
1.15E+18,Irene,2019-07-20 13:56, instagram we re currently running a test that hides the total number of likes and video views for some people in the following countri ,2901317194,irenelasagna,PURPOSE.
,,,,,,
1.15E+18,FakeHistoryBot,2019-07-20 13:56,caden the quiet became monarch of canada in 1625 ,4893877534,fakehistorybot,
,,,,,,
1.15E+18,insidethegames,2019-07-20 13:56, krist frasovszky heads to canada for fina marathon swim world series event after gwangju2019 gold  t co v3gvbbeosx,17483462,insidethegames,
,,,,,,
1.15E+18,Justin Trudeau Stinks,2019-07-20 13:56, i can t wait for the new canada to emerge i wish the next prime minister of canada the best of luck but whoever  t co rsl9lmez35,1.13E+18,TrudeauStinks,Canada
,,,,,,
1.15E+18,BestJobsUSA,2019-07-20 13:56,too few canadians are entering well paying trades cbc news  t co kkoepy5lgz canada,183174411,BestJobsUSA,USA
,,,,,,
1.15E+18,757Live USA,2019-07-20 13:56,c nticos racistas en evento de trump intensifican tensi n en ee uu el tiempo  t co hgffxurcu2,2314112417,757LiveUS,United States
,,,,,,
1.15E+18,NATO/OTAN/NEWS,2019-07-20 13:56, defencehq at riat 20 allied nations fly the nato flag uk belgium canada denmark france germany greece hungary ital ,1.14E+18,NatoOtanNEWS,"Brussel, België"
,,,,,,
1.15E+18,Lexy Cameron,2019-07-20 13:56, mynamesnotgordy 6 chocolate milk saves lives 7 trudeau is actually spelled trudea 8 stephen lecce did not major in history 9 trude ,107169602,LexyCameron,"Ontario, Canada"
,,,,,,
1.15E+18,one anxious wife,2019-07-20 13:56, depressionnote suicide hotline numbers united kingdom 116 123 united states 1 800 273 8255 canada 1 800 456 4566 ireland ,8.17E+17,oneanxiouswife,Northants
,,,,,,
1.15E+18,a,2019-07-20 13:56, comculturaearte faz este m s 10 anos que estreou 500 days of summer o filme estreou comercialmente em toronto no canad a 17 julh ,2235204344,01000001ss,
,,,,,,
1.15E+18,Sophie,2019-07-20 13:56, tsndavenaylor as the father of a special olympian i m proud to remind everyone that today is special olympics global day of inclusion ,1.09E+18,sophiebernard_,
,,,,,,
1.15E+18,Hector Carreño G,2019-07-20 13:56, indchileoficial grande evelyn ortiz se queda con la medalla de en los 800 metros en torneo nccwma 2019 realizado en canad u ,783363241,hectorcarreo3,Concepcion
,,,,,,
1.15E+18,M Weedon,2019-07-20 13:56, michaelgproctor lraitt dirtiest most corrupt government canada has ever had trudeaumustgo cdnpoli,795211326,mjweedon,Canada
,,,,,,
1.15E+18,Jim Palmer,2019-07-20 13:56, bernpisaturo wyn1745 realdonaldtrump same scenario happening in canada ,2275317356,targtj,"Kamloops, British Columbia"
,,,,,,
1.15E+18,graham briggs,2019-07-20 13:56, jonholb allisonpearson its canada thanks to trudeau its a madhouse ,7.01E+17,grahambriggs15,
,,,,,,
1.15E+18,matty,2019-07-20 13:56,i wanna move to canada so i can simply listen to hits93toronto everyday and to also smoke weed and say eh after every sentence,29712401,HausofStJames,NC
,,,,,,
1.15E+18,casket factory QA,2019-07-20 13:56, no news travels so freely or so fast mark twain quipped as the secret doings of the fenian brotherhood  t co ihcp1zmz8d,91563921,great_void,toronto
,,,,,,
1.15E+18,KAI CHASE,2019-07-20 13:56,bonjour waking up in one of the most beautiful cities in the world montreal quebec canada i ve studied an  t co qve0c7l00h,97279672,chefkaichase,"Los Angeles, CA"
,,,,,,
1.15E+18,Hendrik,2019-07-20 13:56, nwolnairski all of canada is in a heat wave except alberta and i just wanna know if we re being punished for voting kenney in,191256554,Henki111,
,,,,,,
1.15E+18,Huw Merlin,2019-07-20 13:56, thecraiglauzon go bunnies you know i had to don thatshirt again russellcrowe it snapped the 4 game skid amp started the ssfcrabbit ,3767190613,Huw_Merlin,"Sydney, New South Wales"
,,,,,,
1.15E+18,AHEA,2019-07-20 13:56,are food politics defeating canada s healthy eating strategy  t co wie1prjrfs  t co znfszygfvb,2579737861,AHEAnews,Alberta
,,,,,,
1.15E+18,Choche Cruz,2019-07-20 13:56, emrazz there s nothing exemplary about a man who rapes an unconscious woman i don t give a fuck about this rapist s resume report th ,183273891,chochecruz,Monterrey
,,,,,,
1.15E+18,#NotABot #LiberalsMustGo,2019-07-20 13:56, vanvlietdesign drjacobsrad integrity is critical to canada s continuation as a free nation corruption is taking us into slavery if ,9.25E+17,madcanadian2017,Canada
,,,,,,
1.15E+18,Jonathan Bouchard,2019-07-20 13:56,une jasette dans la cuisine de sprigcreative avec jennbartoli sur comment cuisiner les bleuets autrement pour le  t co 4zmzb2zgby,67729775,JonaBouchard,"Toronto, Canada"
,,,,,,
1.15E+18,CMHA Halifax-Dartmouth,2019-07-20 13:56, ryansnoddon heading to halifaxpride on saturday be sure to bring lots of water the temperature will reach 30 in halifax by earl ,599315054,CMHAHalDart,"2020 Gottingen St. Halifax, NS"
,,,,,,
1.15E+18,Xxx Xxxxx,2019-07-20 13:56, justintrudeau it s a big day for moms and dads your canada child benefit is going up so you ll have more money to help pay for what ,9.54E+17,steups2u,
,,,,,,
1.15E+18,Ruedi,2019-07-20 13:56, lraitt usually health canada makes decisions based on stakeholder meetings that are heavily stacked in favor of  t co 3xqj2jbvcu,468904301,rupatho,Canada
,,,,,,
1.15E+18,Toronto Mgmt. Jobs,2019-07-20 13:56,we have 128 jobs open today at von canada von jobs amd amd jobs thermo fisher scientific thermofisherjob and more ,24274750,tmj_gta_mgmt,Toronto
,,,,,,
1.15E+18,Mannish Poxy Dream-ghoul,2019-07-20 13:56, cbcalerts ottawa considered at risk area for lyme disease health agency warning people to take precautions when out and about in city ,1305394255,CautionWIP,"Victoria, British Columbia"
,,,,,,
1.15E+18,Beli,2019-07-20 13:56, emrazz there s nothing exemplary about a man who rapes an unconscious woman i don t give a fuck about this rapist s resume report th ,178237790,belislythindor,Palmdale CA
,,,,,,
1.15E+18,Northern Irish Brexiteer,2019-07-20 13:56, titaniamcgrath this is the brave woman taking multiple female beauticians to court in british columbia for refusing to wax her scrotum ,317082378,TheTravelingGer,Great Britain and NI
,,,,,,
1.15E+18,Hugo YB,2019-07-20 13:56, milenio canad busca enfermeros mexicanos que quieran ganar 46 mil pesos al mes  t co 1arltx4jlx  t co xmrauilqrx,8.73E+17,Hyb_YB,
